case number,CA-LOS ANGELES,CA-LOS GATOS,CA-SAN DIEGO,CA-WALNUT CREEK,DE-WILMINGTON,FL-CLEARWATER,IL-CHICAGO,MA-FRAMINGHAM,MA-SPRINGFIELD,MI-ANN ARBOR,NC-CHARLOTTE,NY-BUFFALO,NY-NEW YORK CITY,OH-COLUMBUS,OH-CLEVELAND HEIGHTS,OH-TOLEDO,PA-PHILADELPHIA,PA-PITTSBURGH,WA-KENT,WI-MADISON,NY-Westchester
262,0.409553104,0.409553104,0.394282715,0.432197139,0.438723644,0.760478542,0.393604688,0.478250951,0.701367288,0.617139162,0.655848271,0.568433608,0.428942546,0.521743804,0.344913994,0.403148854,0.589249546,0.794744934,0.438723644,0.484879021,NA
295,0.173668217,0.187409836,0.128873654,0.19148647,0.18943975,0.530019394,0.162533657,0.219631807,0.515716078,0.233740707,0.364295601,0.293436823,0.183400305,0.266052779,0.121591314,0.173668217,0.25273763,0.551160907,0.199841907,0.228867711,NA
297,0.336642378,0.305001527,0.39330717,0.359719174,0.353053688,0.623716994,0.317459211,0.393819904,0.525177897,0.557530671,0.535108512,0.495450045,0.359719174,0.495606573,0.248773146,0.298876663,0.504382688,0.709597111,0.386904368,0.418344385,NA
303,0.451256532,0.428367277,0.438844548,0.474353924,0.457838776,0.796292606,0.447971649,0.500880158,0.703650597,0.662996597,0.676204712,0.593706505,0.477664867,0.560692689,0.350402241,0.421879035,0.623524056,0.812020502,0.49092537,0.524091656,NA
310,0.323341031,0.294985829,0.332208003,0.346685718,0.333207989,0.969458567,0.307357306,0.378343792,0.609926762,0.524580126,0.806305045,0.359105417,0.339900975,0.297172539,0.275997104,0.288938473,0.50150493,0.785719367,0.371150383,0.396717802,NA
316,0.363456138,0.329719702,0.369754511,0.388357242,0.381136366,1.000125038,0.342951819,0.425705386,0.655412504,0.645922786,0.751462623,0.303905045,0.388357242,0.356549749,0.335235214,0.323235954,0.47976143,0.839453315,0.418072718,0.453040351,NA
325,0.261156551,0.232815287,0.331835582,0.282456087,0.276247531,0.602059055,0.2438583,0.314967239,0.406242509,0.474029402,0.655656198,0.28115546,0.282456087,0.278835872,0.264883737,0.227439556,0.410635146,0.670799897,0.308270277,0.339162136,NA
337,0.311718206,0.290148173,0.322840268,0.334405965,0.318086499,0.872961824,0.30856829,0.361694933,0.5714474,0.519787193,0.803101636,0.335105438,0.337738044,0.277527148,0.308244937,0.284190599,0.489514398,0.77219725,0.351292614,0.386746044,NA
340,0.214082715,0.219617771,0.255527999,0.234016559,0.214082715,0.637694617,0.203385749,0.258790436,0.424751074,0.27366472,0.654038268,0.302061117,0.234016559,0.166106518,0.167399031,0.18342518,0.35659138,0.677445862,0.252390932,0.282310835,NA
365,0.249245891,0.270026547,0.31970387,0.276193496,0.273097236,0.560519674,0.232421815,0.31877071,0.407438916,0.429654531,0.641630092,0.304823666,0.263961818,0.259007251,0.284607752,0.249245891,0.390695149,0.687170178,0.28883441,0.33273527,NA
375,0.497493429,0.514446695,0.485139741,0.527343265,0.531675783,1.330092297,0.464457167,0.598543591,0.99554036,0.724519918,0.899149765,0.667760765,0.514446695,0.523880689,0.435563638,0.493299492,0.707347947,1.012705506,0.553582729,0.603118166,NA
376,0.509977379,0.466668358,0.512854024,0.541571703,0.532440732,1.170688926,0.483727542,0.58842391,0.974412451,0.755535579,0.839293625,0.71781495,0.541571703,0.626213303,0.35647683,0.458273768,0.733960539,1.020517126,0.57889801,0.622347187,NA
379,0.28737067,0.259323252,0.355807993,0.310684282,0.297201262,0.764683226,0.271522046,0.342585897,0.499653388,0.559053082,0.617594719,0.249574122,0.303889124,0.349147998,0.24099794,0.253382947,0.378782224,0.71637305,0.335310213,0.361236782,NA
383,0.263898811,0.288912025,0.313219754,0.292170022,0.292170022,0.746676278,0.246336573,0.352172666,0.543735437,0.352515533,0.669549334,0.331344695,0.285683512,0.214917755,0.189047531,0.276173632,0.36530455,0.719168441,0.319309304,0.363685877,NA
386,0.409553104,0.409553104,0.394282715,0.432197139,0.438723644,0.760478542,0.393604688,0.478250951,0.701367288,0.617139162,0.655848271,0.568433608,0.428942546,0.521743804,0.344913994,0.403148854,0.589249546,0.794744934,0.438723644,0.484879021,NA
390,0.469589609,0.429506836,0.54789763,0.502179614,0.483409485,1.031245824,0.447062014,0.545784684,0.871232955,0.748261403,0.701073245,0.64496125,0.492746104,0.681503439,0.299273021,0.420888173,0.65005837,0.955512512,0.535936027,0.570784013,NA
395,0.448636403,0.420382236,0.439646386,0.478005839,0.456915558,1.32839903,0.444530931,0.51288223,0.871861295,0.69000278,0.901198317,0.580987923,0.48229016,0.467699364,0.349941271,0.412519418,0.664330487,0.962714494,0.499643833,0.544490114,NA
396,0.520166373,0.480849481,0.501141491,0.55188081,0.533640658,1.259392521,0.498114674,0.594011655,0.896852499,0.734801327,0.830361024,0.639636179,0.542722108,0.563597703,0.33663593,0.472345492,0.686457175,1.04751613,0.584523587,0.618029864,NA
399,0.40466475,0.382491498,0.392617381,0.427234075,0.411076496,0.764099553,0.401470892,0.453398143,0.662459088,0.614742715,0.665548156,0.547069866,0.430485477,0.513372586,0.308371817,0.376240767,0.577876567,0.780061967,0.443548423,0.476509964,NA
402,0.314996824,0.285130724,0.328364564,0.337105362,0.33068893,0.783304394,0.296832418,0.370358218,0.489153834,0.509780042,0.758618934,0.308834118,0.337105362,0.25045331,0.321318991,0.279402919,0.474679305,0.764827212,0.363553914,0.39476,NA
423,0.414187666,0.448806473,0.49178715,0.462215023,0.431287312,1.217594981,0.401643661,0.499058874,0.795662624,0.62996779,0.755396883,0.555582976,0.453250638,0.529385836,0.336567578,0.357759206,0.589984459,0.940029916,0.47584899,0.542291523,NA
426,0.3458348,0.364067664,0.337516339,0.370236196,0.339853424,0.715541088,0.322218788,0.388990549,0.607356412,0.574941184,0.591744688,0.395976608,0.370236196,0.465148412,0.257486221,0.293937299,0.449599826,0.740142138,0.373336563,0.408079314,NA
466,0.309638368,0.309638368,0.318624636,0.331894477,0.338446729,0.834328502,0.29439022,0.379533195,0.612681772,0.511152584,0.794066219,0.347407624,0.328650453,0.276028462,0.344430837,0.303473993,0.492748259,0.780905344,0.338446729,0.386670953,NA
474,0.136873087,0.126261246,0.099223093,0.148225513,0.14003987,0.464673928,0.135312413,0.162139858,0.288899867,0.132252045,0.246505919,0.168034048,0.149909304,0.094116092,0.081780554,0.123361348,0.165554741,0.476638393,0.156802383,0.175162651,NA
483,0.395108454,0.366941984,0.386304692,0.417518585,0.40466475,0.756846046,0.379361128,0.446827125,0.650485636,0.59890881,0.650615588,0.523961125,0.411076496,0.496782844,0.280802171,0.360796893,0.564873497,0.770816968,0.440274632,0.463284484,NA
484,0.468833425,0.477214723,0.460056687,0.498528295,0.468833425,1.232329491,0.452324015,0.533661158,0.81386277,0.744113575,0.794817216,0.447927563,0.498528295,0.464867328,0.380229047,0.420345776,0.583881826,1.0056004,0.524762499,0.565385345,NA
637,0.072768211,0.063074041,0.0812161,0.081238587,0.082519632,0.170847895,0.066163561,0.09786793,0.150682144,0.046009655,0.369433702,0.179227238,0.081238587,0.060521081,0.043251295,0.068300765,0.119814298,0.32589897,0.089204324,0.105652771,NA
638,0.140138598,0.123403971,0.220101247,0.154528207,0.156687147,0.259044312,0.128770282,0.182233068,0.126414006,0.140372067,0.717833866,0.195722067,0.154528207,0.085233815,0.139788052,0.132464025,0.253697441,0.467269362,0.167883772,0.194983431,NA
641,0.132215959,0.11763924,0.142326776,0.144699272,0.146569206,0.479584067,0.122322029,0.168657858,0.271536143,0.084154581,0.535226882,0.24395861,0.144699272,0.07979116,0.066102991,0.125540377,0.226190563,0.487340038,0.156257625,0.179668962,NA
644,0.191940146,0.172469955,0.209405868,0.208211043,0.2106166,0.462357673,0.178780384,0.238416089,0.478551407,0.226828639,0.464256195,0.327560388,0.208211043,0.302111813,0.123313604,0.183086803,0.298053604,0.578285877,0.222949021,0.25185693,NA
645,0.141105863,0.12598826,0.154832215,0.153888165,0.155789593,0.240030785,0.130866941,0.17798408,0.270818901,0.133846244,0.318296584,0.151524148,0.153888165,0.146325392,0.088660476,0.134207846,0.150747264,0.502371318,0.165585096,0.188862897,NA
650,0.389641592,0.361631851,0.374642548,0.411952821,0.415172224,0.792115101,0.370874903,0.451006269,0.672103393,0.59993743,0.663815605,0.538084621,0.411952821,0.473223411,0.306316271,0.37709038,0.57227334,0.779917068,0.43137287,0.467487471,NA
651,0.368681719,0.338800038,0.423714081,0.392654779,0.396125197,0.652583846,0.348632351,0.434919607,0.595443064,0.600350935,0.550977448,0.544962276,0.392654779,0.534289211,0.287690004,0.355260202,0.546616178,0.749171069,0.413628169,0.452851272,NA
673,0.435991662,0.406871093,0.467982469,0.458961217,0.462259204,0.760986689,0.416515988,0.498691833,0.526994786,0.484602939,0.762827662,0.527178135,0.458961217,0.344559924,0.348412425,0.422982097,0.577151364,0.82120933,0.478792989,0.515280047,NA
674,0.461709855,0.43218781,0.493935114,0.484869526,0.4881857,0.799007984,0.441985634,0.524668005,0.67874518,0.620991954,0.810971669,0.610161732,0.484869526,0.564527892,0.372375331,0.448543185,0.660790296,0.827548456,0.504776331,0.541187482,NA
706,0.381068539,0.344914005,0.570366557,0.41095276,0.415347169,0.761080252,0.35668137,0.46572311,0.526673787,0.586626459,0.883066492,0.385570525,0.41095276,0.433928364,0.2558263,0.364684159,0.530766839,0.876527317,0.437784839,0.489833507,NA
707,0.191940146,0.172469955,0.209405868,0.208211043,0.2106166,0.462357673,0.178780384,0.238416089,0.478551407,0.226828639,0.464256195,0.327560388,0.208211043,0.302111813,0.123313604,0.183086803,0.298053604,0.578285877,0.222949021,0.25185693,NA
708,0.110650875,0.098422221,0.121834901,0.121063224,0.122617847,0.193666877,0.102358467,0.140875142,0.219523315,0.101847047,0.309474244,0.119132462,0.121063224,0.114894566,0.068620471,0.105059553,0.11849846,0.433278009,0.130650414,0.149899388,NA
709,0.333132723,0.304741492,0.432664964,0.356098082,0.359436615,0.556417377,0.314054866,0.39700011,0.49132061,0.500743123,0.697873126,0.506040357,0.356098082,0.513149172,0.2567741,0.320348656,0.527761873,0.717344642,0.37632874,0.414515205,NA
722,0.289463899,0.313715997,0.473250366,0.320915777,0.3173008,0.491993801,0.269838357,0.370662419,0.308349821,0.312062244,0.836096814,0.346948231,0.306636773,0.191317847,0.225157999,0.289463899,0.424859614,0.742192883,0.335677902,0.386995281,NA
747,0.270043712,0.280637159,0.296253958,0.288746422,0.291480233,0.543208719,0.249628265,0.334235526,0.369130221,0.328648575,0.64692342,0.279272037,0.280637159,0.239128028,0.21698332,0.267435065,0.325040037,0.683467997,0.305374521,0.33719584,NA
768,0.307748026,0.307748026,0.357365671,0.330677582,0.337449214,0.792924879,0.292102388,0.38013035,0.381758479,0.369383743,0.862764769,0.227054215,0.3273285,0.172208138,0.308587489,0.301416706,0.371064624,0.823846455,0.337449214,0.387583638,NA
822,0.182077607,0.196326535,0.206429182,0.200549259,0.198429445,0.421342619,0.170515145,0.229648316,0.250305964,0.22666986,0.586106063,0.189078491,0.192171351,0.159038489,0.14620038,0.182077607,0.226993818,0.565604273,0.209197827,0.239176333,NA
842,0.28059685,0.28059685,0.386051555,0.304769177,0.311973308,0.740978887,0.264305022,0.358038419,0.508148167,0.37001998,0.922192318,0.323579304,0.301217099,0.3678118,0.153928489,0.27398398,0.360556966,0.774072316,0.311973308,0.36619507,NA
870,0.158343368,0.158343368,0.247504742,0.174645878,0.179562417,0.276888769,0.147528651,0.211606406,0.138101496,0.211432679,0.641798077,0.151833123,0.172231405,0.115373792,0.179760327,0.153936591,0.206881884,0.505403654,0.179562417,0.217386913,NA
897,0.104362805,0.117090685,0.140085214,0.118782979,0.118782979,0.256879579,0.095704258,0.151394239,0.298112929,0.114289477,0.283782426,0.114721898,0.115421572,0.12737072,0.055093566,0.110550429,0.112626305,0.37717868,0.133191677,0.157969909,NA
898,0.108129361,0.118336005,0.122175226,0.121401692,0.119860382,0.194034345,0.100004671,0.14303187,0.222572173,0.096212367,0.303164706,0.125716614,0.115337571,0.11821379,0.074625308,0.108129361,0.111431704,0.430492459,0.12773861,0.150304689,NA
919,0.056147726,0.056147726,0.062208188,0.061787602,0.063493812,0.110697794,0.052419493,0.074685071,0.124749752,0.051395994,0.147573758,0.050233193,0.060950644,0.046458855,0.037534428,0.054627405,0.059573069,0.267692244,0.063493812,0.076718311,NA
920,0.240780928,0.22116298,0.330808375,0.261554657,0.246599442,0.360894306,0.237907057,0.286668615,0.193535605,0.341847471,0.527944442,0.26382633,0.264614999,0.303328771,0.168806431,0.21577275,0.28718391,0.59055784,0.277083279,0.30978596,NA
921,0.076603747,0.068580553,0.086797142,0.085479428,0.079049642,0.221455052,0.075406993,0.096756487,0.140628651,0.057572366,0.346192374,0.130136903,0.086821027,0.067475609,0.04273073,0.066435218,0.09608133,0.319409563,0.092379744,0.107694834,NA
922,0.076793337,0.076793337,0.084881834,0.084321737,0.086592776,0.137172922,0.071798508,0.101414511,0.166179193,0.066407585,0.279993129,0.086297322,0.083206609,0.083117255,0.05171087,0.07475827,0.081369602,0.338247302,0.086592776,0.104093576,NA
923,0.136430941,0.136430941,0.149781837,0.148863156,0.152582832,0.230454264,0.128095345,0.176516997,0.274587216,0.125790412,0.314960256,0.152099714,0.147031543,0.146884629,0.093849624,0.1330432,0.144006768,0.492591867,0.152582832,0.180780899,NA
1012,0.232407233,0.250792291,0.295020404,0.25624818,0.253508874,0.53902265,0.217514657,0.293949171,0.260499449,0.283660165,0.780791719,0.161563303,0.245427058,0.122294973,0.266445903,0.232407233,0.279452586,0.689745954,0.26743373,0.306337729,NA
1017,0.231435966,0.231435966,0.328065891,0.252952741,0.259381666,0.524303843,0.216988053,0.300630153,0.226479349,0.270666118,0.76999925,0.251009947,0.24978547,0.167796812,0.231499356,0.225565842,0.32484767,0.664693336,0.259381666,0.307954623,NA
1025,0.036823192,0.032002703,0.052024286,0.040605482,0.039488395,0.089706386,0.033852979,0.046659326,0.069542038,0.03385418,0.090277257,0.031235724,0.040605482,0.028696577,0.013933373,0.031114609,0.038575971,0.106918255,0.045383571,0.051398021,NA
1035,0.398553359,0.398553359,0.502891789,0.423166834,0.430275645,0.525752456,0.381273509,0.473433327,0.442754733,0.512567858,0.592019379,0.429358765,0.419624132,0.43771756,0.336587273,0.3916084,0.468964882,0.784096075,0.430275645,0.480682893,NA
1036,0.386168158,0.386168158,0.564243054,0.414539265,0.422870021,0.591298239,0.366666799,0.474877745,0.44080366,0.492976715,0.744026831,0.374226618,0.410410998,0.371425731,0.247897865,0.378290392,0.453377203,0.821298501,0.422870021,0.483872209,NA
1039,0.567862688,0.604420424,0.735372522,0.615133875,0.609762265,1.467371181,0.537693474,0.687662079,0.83540859,0.855729585,1.549975808,0.67484207,0.593826131,0.708909154,0.404121882,0.567862688,0.789133157,1.104591255,0.636917541,0.710979829,NA
1040,0.331588972,0.331588972,0.398970822,0.355480277,0.362516264,0.728199373,0.315226485,0.406666469,0.399964289,0.402115153,0.82945685,0.250112768,0.351997175,0.192400773,0.340159447,0.324973584,0.397590825,0.835778461,0.362516264,0.414342738,NA
1042,0.452649566,0.465834952,0.484812001,0.475756441,0.479068252,0.792358546,0.42649499,0.528803015,0.69091956,0.643811573,0.77115903,0.522869489,0.465834952,0.592465447,0.382511033,0.449362847,0.580656184,0.822275575,0.495649097,0.532109285,NA
1043,0.204338894,0.215010329,0.286979323,0.223321086,0.226150855,0.530049496,0.184353477,0.272302725,0.354042188,0.26301306,0.694960322,0.253218369,0.215010329,0.24811214,0.145924294,0.20174289,0.251566968,0.62612194,0.240754291,0.275633986,NA
1044,0.163222381,0.171316602,0.178652657,0.177593887,0.179726004,0.354476492,0.14796087,0.214122063,0.45484104,0.212907204,0.389870504,0.226419752,0.171316602,0.308593341,0.111924626,0.161247563,0.203681991,0.529652281,0.190686592,0.216577233,NA
1045,0.214501559,0.195058373,0.189022543,0.230572604,0.221287643,0.589706019,0.203530434,0.252445586,0.475115573,0.280768834,0.499689884,0.235811594,0.225896341,0.330047221,0.122624154,0.190923653,0.267585823,0.592495159,0.247468392,0.265175569,NA
1097,0.320026002,0.327068312,0.442143175,0.345138719,0.320026002,0.659180305,0.30626163,0.375416053,0.315017431,0.416710551,0.805482176,0.241621817,0.345138719,0.223852959,0.299650121,0.28001703,0.381533477,0.809823162,0.367690972,0.403255167,NA
1213,0.369878379,0.400383559,0.509467429,0.404318736,0.404318736,0.825379825,0.348129795,0.475411042,0.564877176,0.555135814,0.94221965,0.350302006,0.396475588,0.370123959,0.290272541,0.38491454,0.485572506,0.777756443,0.436783643,0.488785608,NA
1250,0.187167051,0.203862035,0.164255942,0.206024968,0.206024968,0.55498679,0.175350682,0.245382983,0.482250734,0.244727146,0.496640982,0.243439561,0.20171604,0.318858058,0.13321271,0.195379557,0.230768452,0.563865436,0.223938623,0.252831583,NA
1284,0.38389526,0.391987647,0.494275864,0.412471174,0.38389526,0.727016344,0.367905701,0.445855747,0.393248295,0.601835937,0.717357757,0.587054932,0.412471174,0.62259859,0.2918399,0.336810269,0.570768945,0.724737305,0.437451397,0.47548434,NA
1287,0.434866235,0.470600172,0.616531744,0.475210099,0.475210099,0.834051391,0.409390585,0.558505939,0.429893748,0.541129549,1.261907836,0.370420001,0.466022182,0.282115452,0.383533753,0.452479341,0.520615107,0.915962005,0.513244619,0.574178753,NA
1297,0.195937567,0.171514374,0.291169192,0.214715613,0.209205005,0.402413599,0.180953441,0.24406254,0.148894048,0.231721205,0.731946763,0.179648265,0.214715613,0.125945468,0.186629049,0.166955525,0.275853148,0.57225596,0.23795056,0.266428729,NA
1301,0.405884701,0.442211712,0.620974102,0.446904446,0.446904446,0.888434806,0.380057842,0.531797073,0.680305932,0.621465028,1.000583388,0.455600705,0.437552682,0.534853488,0.292144423,0.423778038,0.538484526,0.902070708,0.48565562,0.547768491,NA
1304,0.190521858,0.207439716,0.167284603,0.209630613,0.209630613,0.564534267,0.178540212,0.249461016,0.48772105,0.214199223,0.547994576,0.329063028,0.20526577,0.302558569,0.135761958,0.198845556,0.282857143,0.569243676,0.227767839,0.256991247,NA
1310,0.473729024,0.508145897,0.556066593,0.512541818,0.512541818,1.176056244,0.448818118,0.590273945,0.856359024,0.699618667,0.984731228,0.533210248,0.503770514,0.57598685,0.424320818,0.490768942,0.612180146,0.983375667,0.548431625,0.604547364,NA
1318,0.421978414,0.399493081,0.457060442,0.44479192,0.428467052,0.81734063,0.418744022,0.471146757,0.617894286,0.573763833,0.817703971,0.56469709,0.448072411,0.513372261,0.323806413,0.393141398,0.614388925,0.791332014,0.461236821,0.494345073,NA
1319,0.436734682,0.414026262,0.472041642,0.459711476,0.443276214,0.714856042,0.433472005,0.486176227,0.501227551,0.533825972,0.717517366,0.422066837,0.463010241,0.390779011,0.337131983,0.407600351,0.505636082,0.812058704,0.476234838,0.509401762,NA
1322,0.346712705,0.32389202,0.410371142,0.370548456,0.353420383,0.84040143,0.343389925,0.398996917,0.461528151,0.533098045,0.931193698,0.265062865,0.374034935,0.303733433,0.347557609,0.317561155,0.467293061,0.810480341,0.388180674,0.424905939,NA
1323,0.088415554,0.09078592,0.098885991,0.096963665,0.088415554,0.268929315,0.083841886,0.107629499,0.261217387,0.10626003,0.300705997,0.137092446,0.096963665,0.128071859,0.053573825,0.075334345,0.145941049,0.355609185,0.104870082,0.117795192,NA
1324,0.230565074,0.213017263,0.317013757,0.249100875,0.235760766,0.34573174,0.227997482,0.271470715,0.231835457,0.310418157,0.535863039,0.240353112,0.251828598,0.257579532,0.163557055,0.208186255,0.279491156,0.598417301,0.262936112,0.292046848,NA
1325,0.473871626,0.450777579,0.509465345,0.497078003,0.480494897,0.743995344,0.470563289,0.523609162,0.538604596,0.574708569,0.723820523,0.458972844,0.500396565,0.426970384,0.3713837,0.444213675,0.542983986,0.834634791,0.51366754,0.546720208,NA
1326,0.136317564,0.125742518,0.117339951,0.147631795,0.139473571,0.398348036,0.134762235,0.161500974,0.236763871,0.127159397,0.351554885,0.11879177,0.149310024,0.109129653,0.081427539,0.122852859,0.142633045,0.47546351,0.156180609,0.174483138,NA
1327,0.204290244,0.189599685,0.177797766,0.219810319,0.208639789,0.482934501,0.202140885,0.238562451,0.335373827,0.195019211,0.427614303,0.194730196,0.222095258,0.186894429,0.126023835,0.185554001,0.212978291,0.595873478,0.231404035,0.255849034,NA
1328,0.163834087,0.167854071,0.181457971,0.178247979,0.163834087,0.276019073,0.15602683,0.195915154,0.294749078,0.160062304,0.332124238,0.171420367,0.178247979,0.173862736,0.102617948,0.141324483,0.172627393,0.542675374,0.191377685,0.21243443,NA
1329,0.446554518,0.453124811,0.481976047,0.469617206,0.446554518,0.720236651,0.433472005,0.496128567,0.524438232,0.550299973,0.722867225,0.431809704,0.469617206,0.40029989,0.355155124,0.407600351,0.522214663,0.82583094,0.489492846,0.519348988,NA
1331,0.44364627,0.416568585,0.554160405,0.471062949,0.451452037,0.773726066,0.43975355,0.502601709,0.507691865,0.638961378,0.740125707,0.629628903,0.474997841,0.640352083,0.338030378,0.408916348,0.626308209,0.776792239,0.4907636,0.530189727,NA
1332,0.111246547,0.114406532,0.163255912,0.122649924,0.111246547,0.181134131,0.105155167,0.136899116,0.091644067,0.165727564,0.411069787,0.123917621,0.122649924,0.14664456,0.077527746,0.09385078,0.140977162,0.372251745,0.13321132,0.15048678,NA
1333,0.369075278,0.376742996,0.568518124,0.396336182,0.369075278,0.569164421,0.354035723,0.428908354,0.338597827,0.487507152,0.773909414,0.265555721,0.396336182,0.269264455,0.26773085,0.325161579,0.434186182,0.806971925,0.420627595,0.458586305,NA
1334,0.782494226,0.796217227,1.037667718,0.831039904,0.782494226,1.440109778,0.755416152,0.888193401,0.771247677,0.989535009,1.621410442,0.523805854,0.831039904,0.454665059,0.584567665,0.702799902,0.924065995,1.532938778,0.873747484,0.939518225,NA
1335,0.305268743,0.280573062,0.408013663,0.331137604,0.312544504,0.689955649,0.301666695,0.361995183,0.199875843,0.344170448,0.692632435,0.541632792,0.334922778,0.30645696,0.216382437,0.273745201,0.47542517,0.646346683,0.35027322,0.389972768,NA
1336,0,0,0,0,0,0,0,0,0,0,0,0,0,0,0,0,0,0,0,0,NA
1337,0.240432304,0.223873989,0.210492757,0.257808504,0.245314116,0.685023735,0.238016435,0.278644528,0.515331431,0.277274333,0.582587489,0.359990241,0.260356622,0.331111465,0.150946057,0.219294862,0.355672223,0.630707888,0.270710989,0.297699978,NA
1338,0.122333426,0.111825729,0.177566455,0.13367987,0.125487933,0.201107539,0.120781913,0.147723748,0.123102877,0.140407444,0.491331971,0.179969939,0.135371555,0.127638635,0.083371967,0.108971866,0.18836986,0.40534217,0.142319552,0.160993171,NA
1339,0.24118717,0.223592792,0.292518531,0.259834189,0.246406733,0.607105367,0.238609652,0.282452083,0.23736487,0.2260733,0.916646929,0.269552709,0.262584893,0.104091944,0.244207567,0.218756469,0.397661688,0.678607385,0.273806149,0.30339444,NA
1341,0.49076088,0.497397042,0.526354055,0.513986345,0.49076088,0.75413709,0.477500652,0.540450161,0.568435764,0.598312211,0.729909904,0.475811314,0.513986345,0.443597421,0.396800572,0.451093555,0.566247768,0.850775856,0.53384971,0.563425405,NA
1343,0.205858395,0.211310479,0.270207556,0.225502787,0.205858395,0.607158139,0.195328436,0.249945439,0.257953151,0.232280341,0.726140802,0.226472427,0.225502787,0.166803136,0.132378462,0.175707373,0.274268599,0.626635022,0.243629233,0.273167838,NA
1390,0.12419764,0.138876433,0.162703822,0.140820428,0.140820428,0.54025795,0.114153228,0.177933891,0.433614316,0.159297725,0.487574334,0.2105462,0.136957303,0.212141161,0.068015326,0.131346476,0.16933172,0.417676411,0.157299615,0.185338088,NA
1417,0.055667821,0.059081793,0.051669102,0.061770037,0.062691235,0.213987989,0.049389792,0.078131634,0.249007903,0.074388954,0.167397894,0.109628583,0.059081793,0.085633026,0.036469076,0.054843787,0.082508347,0.254144878,0.067492343,0.079276221,NA
1437,0.210674284,0.231922082,0.326108772,0.234693459,0.234693459,0.400460421,0.195794178,0.28583134,0.252411099,0.212212167,0.816736134,0.316893363,0.229176564,0.150064186,0.24644057,0.221094281,0.355865772,0.616192965,0.257804821,0.295655143,NA
1465,0.563845957,0.574043012,0.643247614,0.599906654,0.563845957,1.213823918,0.543717228,0.642322774,0.796940457,0.629879468,0.775614594,0.890689953,0.599906654,0.447372369,0.404550348,0.504573829,0.798221704,1.113557296,0.631605332,0.680385302,NA
2369,0.247462478,0.270338933,0.347973278,0.277114252,0.250649607,0.457241677,0.238065378,0.290974348,0.251643834,0.404610272,0.641830155,0.428654996,0.263668847,0.49254695,0.173690869,0.202973979,0.387839571,0.561258023,0.280540906,0.316183178,NA
2370,0.192029573,0.169349196,0.268201318,0.211219895,0.21407303,0.292952224,0.176662782,0.247294575,0.134088277,0.296222847,0.468386864,0.229220715,0.211219895,0.272161924,0.137851263,0.181674913,0.237708428,0.516183174,0.228757427,0.263493797,NA
2371,0.353575444,0.378207237,0.354224796,0.387616701,0.365803604,0.784181412,0.344527428,0.413104455,0.6279308,0.514625303,0.657652811,0.509478032,0.381333936,0.448025426,0.277145721,0.312340267,0.520861452,0.754301215,0.397110756,0.442338444,NA
2372,0.443069542,0.402736288,0.570644162,0.472792729,0.464176717,0.956573936,0.418566309,0.517330099,0.602000259,0.581429841,1.011224826,0.493368029,0.472792729,0.394292861,0.29304506,0.394973893,0.656729059,0.939740403,0.508230666,0.549916232,NA
2373,0.132039156,0.117554819,0.095571611,0.143057101,0.139833182,0.51804826,0.12317575,0.160113528,0.275115297,0.104951592,0.290441487,0.219577957,0.143057101,0.074801113,0.078714877,0.114828605,0.198771784,0.469592419,0.156575459,0.173007175,NA
2374,0.37662266,0.37662266,0.432029195,0.400784271,0.407782887,0.598235525,0.359724952,0.450468322,0.61741756,0.60454639,0.535884703,0.564118612,0.39729989,0.571100013,0.316273284,0.369824871,0.551428976,0.756323447,0.407782887,0.457671878,NA
2375,0.292274495,0.263149503,0.39012919,0.313748376,0.307525585,0.575175858,0.2745731,0.345845086,0.408460396,0.442218863,0.688784115,0.444166289,0.313748376,0.444320882,0.212280076,0.257553632,0.472973623,0.663139517,0.339300448,0.369201621,NA
2376,0.359283109,0.329765286,0.461224692,0.383015805,0.386455239,0.643796313,0.339470018,0.424969081,0.520201999,0.530386965,0.716885069,0.534877182,0.383015805,0.524174108,0.279442178,0.346016214,0.556442125,0.7403939,0.40381666,0.442811976,NA
2379,0.438618478,0.406720211,0.54395944,0.463798227,0.467413518,0.714931642,0.417279678,0.507324182,0.601701136,0.618910619,0.735704647,0.615724974,0.463798227,0.605510195,0.35080012,0.424362348,0.636091764,0.800732785,0.485533775,0.525465128,NA
2380,0.248436008,0.222866145,0.343595123,0.269635631,0.257383164,0.378492124,0.233993207,0.298510293,0.197569944,0.261557452,0.625666003,0.438140465,0.263463652,0.265480308,0.159335948,0.217445994,0.406134453,0.597549593,0.291941564,0.315296179,NA
2381,0.0875496,0.076845589,0.13189907,0.096788444,0.091407306,0.147101744,0.081446324,0.109939523,0.06670078,0.124044905,0.361217134,0.092386086,0.094063396,0.113186995,0.052146917,0.074635628,0.107128694,0.295108406,0.106888027,0.117903902,NA
2382,0.444989676,0.444989676,0.477082238,0.468039892,0.474655189,0.825071506,0.428663153,0.514452564,0.675602236,0.59559118,0.815125452,0.603564762,0.464736306,0.54003849,0.378341436,0.438442771,0.642462696,0.817038996,0.474655189,0.521081276,NA
2383,0.310832347,0.336263301,0.379128344,0.346060527,0.323417362,0.677274825,0.301572523,0.372814524,0.521129631,0.480781316,0.549673429,0.491393781,0.339513928,0.466482326,0.240406138,0.269010124,0.467678492,0.699004417,0.355990102,0.403863804,NA
2385,0.312355932,0.312355932,0.409492367,0.334607663,0.341108516,0.650144188,0.296968023,0.381308396,0.482087899,0.465037368,0.707715952,0.493169073,0.331380442,0.46463436,0.258041781,0.306148438,0.500388473,0.696260958,0.341108516,0.38818724,NA
2392,0.405550911,0.374453398,0.517426693,0.430287367,0.416101312,0.692990671,0.388163474,0.462592781,0.536477711,0.57352854,0.725871456,0.561842748,0.423178506,0.57269622,0.28680104,0.367671669,0.590178494,0.762192129,0.455376806,0.480694829,NA
2410,0.237625114,0.237625114,0.295060425,0.256319653,0.261864704,0.631363438,0.224942047,0.297065198,0.3704252,0.340798869,0.877567419,0.252183967,0.25358126,0.196952829,0.269381178,0.232485505,0.3993421,0.678073805,0.261864704,0.303256127,NA
2438,0.472656829,0.472656829,0.520691831,0.502036736,0.510600392,1.298560326,0.452257263,0.563464539,0.836977532,0.694714027,1.086819355,0.48998895,0.497782661,0.526978232,0.415346345,0.464437081,0.63587148,0.992147346,0.510600392,0.572508871,NA
2507,0.141547869,0.14869086,0.134720594,0.154264049,0.15616392,0.66529155,0.128204354,0.187336217,0.475592435,0.154219408,0.641042638,0.229990721,0.14869086,0.19172084,0.076969116,0.139812286,0.23172379,0.492841925,0.165987917,0.189601421,NA
2721,0.124342386,0.136373707,0.090871415,0.13794467,0.13794467,0.436152308,0.115926636,0.167033043,0.42815606,0.193783362,0.307554561,0.165573995,0.134817838,0.224012107,0.086569591,0.130239967,0.145826473,0.443604162,0.151065085,0.17264746,NA
2722,0.363977966,0.388898466,0.355460235,0.392057821,0.392057821,0.733591099,0.345747152,0.44694894,0.665530613,0.613828114,0.585456044,0.444349146,0.385748415,0.518084574,0.308476935,0.376356432,0.462675161,0.756123917,0.417638443,0.456812181,NA
2867,0.319045111,0.289032447,0.444161208,0.34381829,0.347458164,0.712790498,0.298805301,0.389122105,0.464645113,0.544499406,0.874417372,0.275580123,0.34381829,0.366709113,0.328776474,0.305449249,0.454890628,0.782321938,0.3660302,0.409017423,NA
2912,0.426272605,0.426272605,0.415892163,0.453775566,0.461810496,1.14125379,0.407235315,0.511585912,0.786719178,0.682598441,0.768595017,0.427130985,0.449787184,0.431743422,0.377352701,0.418595845,0.539886298,0.942698641,0.461810496,0.520130858,NA
2964,0.350017159,0.376884045,0.417770975,0.380324553,0.380324553,0.749849776,0.330655789,0.441433075,0.389689256,0.427581035,0.861529153,0.258853434,0.373461521,0.199774969,0.398985542,0.36330305,0.400574999,0.824249907,0.408480543,0.452698802,NA
2966,0.229427764,0.240780928,0.313574858,0.249543933,0.252511798,0.342896564,0.207867174,0.299752465,0.222085031,0.314027562,0.508240873,0.276271409,0.240780928,0.296698857,0.182515543,0.226648948,0.271301656,0.594369254,0.267698168,0.30307631,NA
2992,0.511363119,0.477621601,0.600194523,0.546647868,0.521288088,1.175988689,0.506447867,0.588824585,0.652230838,0.742539945,1.278440147,0.476520693,0.55181294,0.31079878,0.422411924,0.468267487,0.727520133,1.137807209,0.572780175,0.627302762,NA
2999,0.127215914,0.133229051,0.108058894,0.137895329,0.139480989,0.441319919,0.115884112,0.165137072,0.259038318,0.093411846,0.406426066,0.171117965,0.133229051,0.08930682,0.085493209,0.125749312,0.163186597,0.472169435,0.147639572,0.166975313,NA
3000,0.46895267,0.482194587,0.501212749,0.492143487,0.49546156,0.786169846,0.442617845,0.545117309,0.582757004,0.506007386,0.765968635,0.579705046,0.482194587,0.387734609,0.39812542,0.46564828,0.596544915,0.840821539,0.512052076,0.548406865,NA
3020,0.528215099,0.528215099,0.633843374,0.564214323,0.574779715,1.257540767,0.503444392,0.640727833,0.919050906,0.871872069,1.254526355,0.633242398,0.55897803,0.539881708,0.441781286,0.518211964,0.817965041,1.137874251,0.574779715,0.652136346,NA
3024,0.237936444,0.25799407,0.29519642,0.26397751,0.240718822,0.679036765,0.229752128,0.276289066,0.502746657,0.452788595,0.664541361,0.1938816,0.252123953,0.252992357,0.158715294,0.199377759,0.309327257,0.60751963,0.267012097,0.298963423,NA
3043,0.363459797,0.340270561,0.421768549,0.387301614,0.370209322,0.499555335,0.360104903,0.415219518,0.428451689,0.535352152,0.411974017,0.376131638,0.39075516,0.397991035,0.271455188,0.333777588,0.405507114,0.744035492,0.40467598,0.440109089,NA
3046,0.468066951,0.481306525,0.500323504,0.491254486,0.494572402,0.802253749,0.441740491,0.544235163,0.704014097,0.659331258,0.7737364,0.538326305,0.481306525,0.607360717,0.397273399,0.46476334,0.595688529,0.831477872,0.511163309,0.547525803,NA
3052,0.037486353,0.042318672,0.03749213,0.044280082,0.039832332,0.088033628,0.035814598,0.04994273,0.098659919,0.029381362,0.084970738,0.052679329,0.042963069,0.029032994,0.022586369,0.030278548,0.044151081,0.195775556,0.046328003,0.057131289,NA
3397,0.300263216,0.312617434,0.355727487,0.322112565,0.325321181,0.690152283,0.276606776,0.376030758,0.349719762,0.357541697,0.850353075,0.20977195,0.312617434,0.158639725,0.33106,0.297229417,0.352807406,0.78954825,0.341689414,0.379580631,NA
3399,0.059231477,0.062849454,0.082167076,0.065697158,0.066672762,0.25676623,0.052573925,0.083006938,0.13715996,0.04178984,0.232250432,0.107441559,0.062849454,0.046109394,0.026044725,0.058357952,0.074859852,0.173020061,0.071755445,0.084216422,NA
3433,0.264092715,0.291333367,0.393521793,0.294876838,0.294876838,0.637646931,0.244948065,0.359789917,0.385736153,0.465842194,0.814172119,0.316827716,0.287820668,0.397595508,0.280077892,0.277467182,0.370373434,0.671778617,0.324329998,0.372146353,NA
3450,0.280895402,0.302006651,0.300098685,0.308244339,0.305114044,0.667677226,0.263688587,0.351018739,0.40548374,0.401337973,0.600207747,0.215398382,0.295860549,0.160197079,0.295845237,0.280895402,0.315571836,0.76463362,0.32099452,0.364952899,NA
3452,0.338900575,0.362496921,0.405397086,0.369426632,0.365951438,0.833720027,0.31950171,0.416443359,0.499190903,0.517425837,0.911251753,0.280930787,0.355650236,0.302188401,0.377354053,0.338900575,0.458194541,0.829288691,0.383532464,0.4315751,NA
3457,1.166083674,1.079138467,1.556953917,1.235820868,1.195758356,2.338201889,1.117381231,1.327842182,1.436531457,1.76937681,2.483476149,0.898296959,1.215720715,1.093188308,0.799704801,1.060268156,1.541467669,2.032972108,1.307184431,1.379953552,NA
3468,0.219241383,0.239774819,0.321101649,0.245913468,0.242828893,0.50838204,0.202796049,0.288824197,0.205585732,0.255202259,0.762795599,0.248492208,0.233757769,0.161020092,0.22535661,0.219241383,0.303216009,0.642479727,0.25855858,0.303088447,NA
3503,0.255151429,0.281854824,0.33220429,0.285333814,0.285333814,0.497202501,0.236428461,0.349284503,0.305012974,0.406493093,0.453210956,0.236756594,0.278407272,0.222675944,0.268975356,0.268252918,0.269518823,0.684171127,0.314299006,0.361504432,NA
3504,0.125599649,0.140653006,0.16292971,0.142644823,0.142644823,0.380425835,0.115288073,0.180564817,0.186563099,0.172513049,0.392517579,0.182302642,0.138686221,0.11296858,0.107701563,0.132933673,0.159234298,0.42100982,0.159508967,0.188101564,NA
3539,0.428837105,0.444043962,0.503060016,0.455632665,0.459529764,0.832549398,0.399294924,0.519921344,0.514096052,0.506832743,0.854573785,0.341739066,0.444043962,0.2620231,0.437759533,0.425080022,0.490753068,0.92334478,0.479265004,0.524069175,NA
3541,0.348335266,0.372407778,0.415714949,0.379473559,0.375930338,0.765053603,0.32852966,0.427370342,0.390220435,0.422516479,0.857889373,0.24732631,0.365424989,0.188694833,0.386016743,0.348335266,0.408849262,0.856864058,0.393851219,0.442770009,NA
3542,0.342966547,0.342966547,0.402685885,0.36664384,0.373592571,0.737437996,0.326677055,0.416944719,0.384624158,0.418369966,0.865365494,0.235154127,0.36319986,0.182903136,0.379304216,0.336387889,0.410374919,0.840143771,0.373592571,0.424438273,NA
3545,0.17840411,0.196420457,0.28660108,0.201841973,0.180888234,0.314364601,0.171126672,0.213060949,0.135944932,0.197688868,0.713838041,0.18647427,0.191122108,0.117751205,0.176885238,0.144532826,0.244737134,0.523146993,0.204599427,0.23393215,NA
3553,0.242711231,0.264290304,0.255773981,0.267086917,0.267086917,0.612707959,0.227443094,0.318036841,0.347750391,0.351974915,0.598533841,0.174378002,0.261515833,0.132476439,0.278828789,0.253324908,0.265599636,0.697579579,0.290260181,0.327696921,NA
3554,0.27086561,0.296224154,0.393921139,0.299509436,0.299509436,0.51165907,0.252923181,0.359242488,0.275329902,0.349391434,0.738408812,0.215031328,0.292964509,0.192498528,0.310242524,0.283339537,0.309231272,0.723598397,0.326711107,0.370530763,NA
3555,0.269653251,0.291843154,0.391492923,0.298421091,0.295118892,0.508801905,0.251660031,0.343749222,0.27001895,0.345669664,0.740164083,0.204063582,0.285371052,0.180038384,0.302598112,0.269653251,0.317668886,0.742206005,0.311894341,0.358584362,NA
3556,0.271843757,0.293987371,0.395202618,0.300544518,0.29725316,0.502912949,0.253861092,0.345641524,0.266286279,0.349752007,0.744795747,0.205697193,0.287532569,0.18175139,0.308283645,0.271843757,0.320484374,0.738318428,0.313965093,0.360367734,NA
3557,0.063418639,0.070883902,0.073141208,0.073161636,0.072014463,0.121476204,0.057609858,0.089678017,0.138752329,0.055811534,0.250848302,0.085796722,0.068671826,0.072139966,0.04278918,0.063418639,0.063188879,0.29790259,0.077920434,0.095400543,NA
3561,0.277747007,0.301529353,0.337111273,0.304601695,0.304601695,0.67063439,0.260837624,0.360193471,0.3209937,0.338244277,0.835372966,0.201576265,0.29847913,0.154017926,0.316328392,0.289461214,0.32147826,0.750576061,0.329974827,0.370654376,NA
3562,0.324887785,0.294064472,0.347382978,0.347710766,0.341086314,0.658685039,0.306140405,0.382053244,0.379803879,0.466208882,0.620949664,0.207190459,0.347710766,0.167114303,0.330952111,0.28815375,0.366099462,0.790888127,0.375024165,0.407270655,NA
3564,0.185865515,0.185865515,0.267347718,0.20345767,0.208751879,0.424530424,0.174156142,0.243171191,0.283718527,0.233374003,0.735984301,0.143436479,0.200855996,0.143804638,0.177112644,0.181098455,0.228876604,0.618332739,0.208751879,0.249369544,NA
3565,0.37505683,0.37505683,0.437391564,0.399814774,0.40705625,0.773559168,0.357947813,0.45199244,0.417286978,0.45684004,0.874150886,0.260169812,0.396221631,0.203347479,0.413556668,0.368154752,0.445332103,0.871340305,0.40705625,0.459718524,NA
3567,0.343939185,0.357411232,0.403682926,0.367733686,0.371215695,0.75093012,0.318008873,0.425844327,0.39897756,0.40955693,0.862599969,0.243762764,0.357411232,0.185746265,0.376079548,0.340623642,0.400545777,0.844114145,0.388930722,0.42964106,NA
3568,0.332172392,0.346898576,0.451114106,0.358233359,0.362066608,0.765458148,0.304054,0.422802068,0.454072025,0.435421643,0.824149095,0.288747264,0.346898576,0.279390139,0.329407156,0.328560198,0.39911214,0.834934966,0.38164215,0.427061954,NA
3569,0.511072255,0.543021263,0.587397292,0.552342187,0.547671218,1.048587618,0.484549008,0.614904905,0.716403898,0.590676898,0.911824842,0.538280583,0.533784991,0.435641201,0.397559095,0.511072255,0.582462163,1.073898174,0.571233125,0.63480822,NA
3570,0.397447271,0.427257878,0.545696758,0.436024391,0.431627452,0.995029759,0.372995342,0.495607654,0.687647614,0.630304269,0.897032998,0.464023944,0.418601337,0.550364714,0.350478243,0.397447271,0.537609226,0.910060717,0.453883066,0.51481164,NA
3574,0.405436762,0.420017488,0.469714029,0.43113384,0.434872928,0.817166566,0.377135302,0.492852374,0.462375177,0.482523026,0.876293935,0.293400908,0.420017488,0.226038755,0.441113948,0.401835592,0.466401666,0.900952397,0.453813492,0.496835936,NA
3575,0.511286664,0.531657034,0.708153406,0.547288321,0.552565807,0.984856566,0.472170364,0.635692774,0.529973106,0.632927745,1.376277587,0.367357252,0.531657034,0.304281756,0.457169966,0.506278523,0.59892981,1.166539266,0.579453178,0.641494386,NA
3576,0.438941825,0.452057694,0.470968341,0.461939508,0.465240493,0.713808638,0.412981689,0.514958797,0.553047883,0.524401877,0.706919901,0.45038078,0.452057694,0.399266352,0.369493478,0.435675413,0.504559396,0.82361202,0.481785374,0.518273715,NA
3577,0.362648379,0.378756895,0.483723985,0.391154995,0.395347743,0.739704708,0.331886623,0.461779147,0.501754874,0.433498725,0.772279243,0.411304077,0.378756895,0.366676664,0.268256608,0.358696924,0.41659465,0.892620365,0.416758738,0.466438965,NA
3579,0.371441003,0.396557195,0.43465444,0.403917798,0.400227378,0.868974709,0.350730019,0.453680987,0.437760477,0.445363121,0.887518193,0.287164207,0.389277956,0.215304314,0.38274726,0.371441003,0.434437549,0.886907317,0.418879611,0.469633756,NA
3581,0.385214266,0.353658193,0.456947604,0.410926099,0.414680636,0.789035431,0.363986047,0.457278539,0.438284735,0.473551222,0.850338142,0.285183221,0.410926099,0.22058707,0.372885159,0.370977776,0.460096517,0.887468678,0.433751831,0.477399903,NA
3585,0.36960947,0.395003567,0.432617321,0.402455186,0.398718592,0.881279499,0.34870747,0.452946683,0.442025793,0.44243393,0.880482722,0.285805162,0.387638579,0.214305847,0.37711298,0.36960947,0.432231704,0.896113846,0.417615327,0.469174232,NA
3587,0.267549783,0.287594016,0.33486278,0.293514214,0.290543378,0.587475743,0.251204523,0.334081762,0.291641875,0.328266367,0.800061182,0.186821962,0.281759733,0.141394331,0.308660246,0.267549783,0.319848083,0.733782245,0.305612118,0.347285007,NA
3588,0.303433493,0.303433493,0.364982134,0.325537914,0.332052382,0.68363771,0.288309812,0.372975017,0.358179342,0.369820248,0.822235683,0.225990529,0.322313762,0.172283101,0.317111507,0.297317441,0.3667855,0.785769559,0.332052382,0.380097458,NA
3592,0.267863026,0.24347647,0.325904233,0.288061599,0.276387008,0.645359897,0.254096348,0.31562419,0.262967386,0.324730954,0.83577041,0.16122566,0.282180067,0.132789397,0.250936448,0.238296716,0.316839103,0.718173419,0.309344323,0.331709538,NA
3595,0.534925992,0.534925992,0.584603038,0.565967608,0.574979341,1.224316623,0.513254888,0.630268508,0.691523784,0.621763611,0.977382453,0.476837865,0.56148496,0.364019987,0.470377233,0.526205782,0.615887828,1.075591939,0.574979341,0.639671783,NA
3601,0.053997195,0.057586893,0.060407869,0.060424973,0.061399744,0.102999098,0.047442011,0.077890042,0.126932024,0.045259634,0.23803816,0.073311024,0.057586893,0.061507974,0.03513957,0.053133293,0.05293869,0.260151434,0.066497572,0.079122831,NA
3622,0.066912532,0.070304902,0.046852457,0.072952788,0.073855648,0.255246586,0.060579439,0.088684671,0.18313916,0.071031,0.138965118,0.058169962,0.070304902,0.047208228,0.04397099,0.066088492,0.064399208,0.305604975,0.078525932,0.089763377,NA
3623,0,0,0,0,0,0,0,0,0,0,0,0,0,0,0,0,0,0,0,0,NA
3676,0.338977236,0.365489685,0.44627529,0.368865828,0.368865828,0.692347878,0.319725148,0.427985297,0.519653263,0.496394387,0.715348648,0.548758837,0.362126714,0.516682153,0.287852108,0.352119558,0.51254154,0.716763325,0.396314407,0.438688623,NA
3731,0.321375572,0.347234509,0.426698586,0.350535182,0.350535182,0.460750807,0.302665435,0.408618846,0.368911222,0.42012143,0.564730627,0.373151831,0.343948457,0.377725983,0.271813535,0.334180469,0.369838168,0.714403278,0.377435451,0.419192777,NA
3780,0.27584615,0.250132753,0.305193816,0.294788435,0.289299487,0.698556638,0.26022357,0.32311434,0.451049243,0.398747732,0.762946273,0.397281545,0.294788435,0.345964633,0.199913177,0.245186203,0.457247081,0.663766277,0.3173353,0.343761667,NA
3796,0.414975148,0.433755175,0.577955502,0.44822326,0.45311861,0.860272282,0.379173189,0.530830217,0.607788987,0.480210718,0.864293471,0.471760083,0.433755175,0.43326106,0.234009803,0.410371623,0.468940502,1.020169311,0.478136546,0.536289949,NA
3797,0.425278707,0.442873907,0.532778407,0.456396962,0.460966644,1.133189311,0.391586884,0.533177113,0.751585585,0.520360671,1.09690977,0.590657307,0.442873907,0.420614552,0.268900847,0.420957885,0.636368134,1.020067489,0.484277397,0.538231017,NA
3802,0.311184706,0.324877888,0.409386918,0.335349634,0.338877181,0.5988697,0.284780428,0.393763854,0.425397074,0.474653562,0.683680123,0.52216047,0.324877888,0.527887027,0.253044946,0.307811211,0.483110398,0.677713407,0.356778502,0.397538342,NA
3811,0.267961213,0.291309717,0.320430847,0.294330562,0.294330562,0.736174272,0.251398407,0.349168619,0.329950415,0.277654564,0.914847149,0.292587164,0.288311647,0.144023272,0.282019842,0.279453919,0.373810092,0.740389052,0.319317968,0.359525071,NA
3935,0.36916643,0.397353072,0.482855813,0.405542413,0.401440865,0.807652169,0.345689381,0.459864386,0.406817486,0.568541796,0.717701375,0.604771341,0.389220826,0.581542254,0.31091576,0.36916643,0.546901578,0.718531082,0.422075457,0.476835618,NA
3937,0.385791291,0.385791291,0.508993213,0.413354232,0.421467054,0.893213688,0.366899995,0.472331285,0.676644144,0.54144063,1.036416576,0.452476551,0.409337318,0.389520229,0.300235913,0.378154938,0.623641972,0.892680647,0.421467054,0.48116772,NA
3939,0.257800106,0.271917639,0.403979297,0.282896761,0.286631461,0.691114615,0.231322042,0.347190379,0.377069729,0.410560319,0.972416042,0.363671675,0.271917639,0.374744769,0.190535832,0.254363049,0.429461944,0.635927356,0.30587067,0.351530506,NA
3946,0.4036013,0.429403114,0.44158477,0.432658554,0.432658554,0.695772672,0.384585906,0.488664945,0.513670231,0.443205603,0.739024623,0.527105309,0.42615377,0.357738007,0.345338899,0.416444985,0.52458217,0.796928872,0.458888669,0.498618792,NA
3950,0.39436034,0.408323517,0.498510902,0.418895219,0.422436247,0.67991686,0.366964831,0.476310101,0.582250488,0.554141526,0.724196688,0.592997877,0.408323517,0.575505242,0.329467709,0.390895376,0.578854273,0.76926546,0.440254218,0.479935626,NA
3951,0.475846925,0.489104217,0.508127473,0.499058279,0.502376855,0.84551196,0.449452614,0.551967454,0.71047771,0.619473608,0.819942466,0.642081945,0.489104217,0.573958433,0.404772079,0.472537183,0.661613763,0.835653989,0.518960753,0.555247889,NA
3966,0.405930744,0.421243441,0.511815992,0.432829938,0.436709144,0.826743499,0.375874076,0.495563856,0.528249124,0.581287726,0.743836568,0.623040357,0.421243441,0.577179893,0.338795897,0.40212976,0.585693129,0.761811219,0.456212255,0.499510134,NA
3970,0.205876045,0.2237804,0.181185261,0.226094648,0.226094648,0.647008288,0.193159211,0.267992572,0.51188073,0.23147754,0.565994714,0.350744485,0.221483061,0.307912634,0.147507215,0.214692637,0.302868457,0.592768854,0.245214396,0.27587658,NA
3974,0.208745675,0.22682831,0.183790387,0.229164772,0.229164772,0.650892418,0.195895312,0.271432085,0.516242877,0.235165106,0.564461701,0.354731387,0.224508731,0.311646366,0.149716649,0.217651477,0.306568118,0.596977274,0.248460794,0.27937866,NA
3975,0.445905301,0.459058997,0.478007026,0.468962871,0.472269993,0.861981462,0.419841507,0.522006212,0.685068534,0.586098391,0.823118575,0.613931945,0.459058997,0.526492321,0.376093741,0.442627951,0.634124579,0.817425978,0.488836341,0.525317363,NA
3976,0.087286985,0.087286985,0.073635441,0.094979247,0.097285999,0.440465259,0.082142091,0.112200535,0.273632181,0.095063672,0.434526075,0.135556762,0.093844323,0.108997022,0.05851963,0.085194944,0.146220342,0.355423727,0.097285999,0.114872451,NA
3984,0.459325218,0.485787726,0.498172411,0.489104217,0.489104217,0.842012224,0.439619671,0.545393277,0.693824165,0.610042631,0.813988024,0.639025604,0.482472487,0.573958433,0.398392146,0.472537183,0.640508837,0.822491543,0.515646144,0.555247889,NA
4001,0.396954767,0.404162858,0.464526313,0.422499806,0.396954767,0.894892617,0.382761446,0.452742941,0.536178497,0.543692736,1.000248897,0.409418962,0.422499806,0.32678681,0.40761649,0.355291899,0.606553651,0.879325788,0.445081179,0.480063472,NA
4007,0.390063808,0.418786414,0.472908729,0.422454707,0.422454707,0.852840162,0.369276483,0.487271481,0.614804984,0.542642223,0.960408787,0.4632994,0.415135127,0.37776008,0.440668508,0.404284704,0.587811805,0.846643035,0.452395734,0.499157453,NA
4008,0.333071302,0.357851875,0.436014614,0.365169533,0.361497508,0.895230231,0.312857259,0.415298896,0.517255411,0.431352879,1.084415877,0.413440886,0.350639798,0.277378127,0.257531087,0.333071302,0.550993413,0.842653537,0.380121345,0.43160982,NA
4012,0.124240239,0.130703281,0.136586859,0.135736188,0.137449767,0.375167308,0.112135165,0.16538628,0.377644227,0.138221673,0.374940836,0.223511947,0.130703281,0.191950788,0.083964511,0.122667922,0.193079089,0.450244847,0.146291952,0.16740167,NA
4016,0.398328891,0.422938252,0.509921381,0.430046086,0.426488373,0.630129155,0.377631662,0.476823273,0.572115113,0.568485532,0.711296528,0.59699496,0.415862179,0.596847289,0.339629355,0.398328891,0.586420901,0.775520216,0.444345766,0.491337498,NA
4018,0.424790813,0.395893239,0.409346163,0.447638616,0.450923051,0.770860011,0.405455794,0.487271826,0.703369674,0.683708543,0.611189405,0.474704018,0.447638616,0.551789434,0.338112724,0.411871402,0.546136291,0.804955574,0.467403801,0.503861975,NA
4019,0.380141516,0.405463185,0.371466447,0.408667118,0.408667118,0.746737291,0.36156134,0.464108413,0.680752371,0.63156329,0.590734574,0.461492094,0.402267283,0.535331549,0.323429135,0.392730254,0.479914478,0.769052496,0.434556814,0.474025763,NA
4024,0.317899692,0.34035088,0.376589497,0.346905141,0.343620564,0.607201279,0.299302666,0.390840336,0.550957175,0.531250228,0.529328599,0.510486391,0.33385715,0.492482561,0.265816211,0.317899692,0.479474907,0.706552502,0.360187348,0.404762174,NA
4027,0.372839553,0.342803864,0.42807172,0.396912994,0.400396236,0.597946296,0.352690393,0.439304638,0.599728859,0.606877716,0.537763139,0.549378138,0.396912994,0.556409983,0.29135598,0.35935283,0.551029212,0.753128077,0.41795731,0.457270796,NA
4032,0.320378544,0.327844487,0.37880691,0.346888496,0.320378544,0.610946454,0.305721754,0.378383511,0.389930767,0.588240969,0.513314339,0.518196542,0.346888496,0.572734615,0.237678344,0.277574119,0.481427542,0.665269473,0.370400881,0.406820058,NA
4066,0.985202689,1.045326016,1.303596204,1.062797364,0.99368996,2.100785371,0.959953976,1.098103629,1.247138101,1.36504382,2.461208403,1.008473359,1.027981594,0.855560484,0.811549568,0.86236121,1.476160852,1.857495882,1.071579306,1.160961533,NA
4223,0.499215259,0.522005309,0.789402222,0.539601065,0.545562718,1.069116645,0.455906977,0.640831526,0.786890994,0.768683225,1.456271072,0.45513007,0.522005309,0.581678774,0.371490973,0.493636813,0.658572953,1.120618838,0.576098002,0.647575017,NA
4224,0.323863007,0.323863007,0.422379865,0.346521392,0.353130868,0.445875495,0.308162257,0.39390057,0.364805207,0.424135476,0.570709957,0.35227673,0.343238539,0.360081808,0.268328728,0.317532429,0.389627342,0.721911246,0.353130868,0.400859395,NA
4226,0.243094635,0.218319725,0.362446012,0.263842091,0.26691324,0.401196017,0.226343791,0.302484482,0.232236572,0.322684112,0.696616847,0.172490274,0.263842091,0.157115905,0.253646022,0.231822674,0.297337537,0.688821589,0.282674494,0.319742037,NA
4227,0.176532786,0.184384529,0.151236161,0.190448826,0.192503859,0.435610111,0.161621543,0.225358764,0.339575256,0.157996905,0.420849993,0.183368267,0.184384529,0.164641215,0.120875799,0.174611381,0.18232646,0.568159992,0.203032122,0.227684547,NA
4228,0.200599547,0.209249715,0.172576982,0.21591532,0.218171092,0.566252393,0.184109954,0.254028556,0.50705457,0.25647733,0.505571498,0.249545349,0.209249715,0.323130135,0.138632238,0.198479333,0.25134425,0.591310666,0.229703803,0.256552228,NA
4229,0.171413503,0.179826629,0.187444669,0.186345615,0.188558711,0.367756014,0.155528462,0.224183185,0.469456304,0.224569947,0.38694871,0.236884539,0.179826629,0.321278731,0.117904159,0.169359639,0.213385756,0.544271458,0.199926674,0.226720437,NA
4230,0.520889783,0.520889783,0.594055254,0.554573579,0.564419069,1.268776215,0.497587921,0.625464018,0.750627124,0.529765736,1.034217987,0.688744862,0.54968731,0.36846516,0.392582675,0.511492078,0.695728509,1.109077777,0.564419069,0.635953168,NA
4232,0.217522979,0.196087432,0.29794636,0.235330968,0.23795569,0.383916154,0.20304996,0.268137951,0.239254132,0.255555976,0.581195284,0.310638743,0.235330968,0.208809866,0.161255872,0.207793058,0.325921274,0.597038526,0.251379143,0.282632549,NA
4234,0.182589151,0.200559173,0.277636555,0.205956799,0.185069963,0.565159095,0.175315622,0.217112096,0.231604071,0.310647028,0.723950867,0.20048414,0.19527977,0.26411598,0.137922237,0.148659527,0.244428106,0.518130981,0.208700371,0.237814924,NA
4235,0.368592661,0.335467465,0.474854888,0.39256353,0.38565602,0.593103439,0.348545462,0.427698017,0.493942836,0.586541103,0.656633836,0.431004765,0.39256353,0.572458788,0.275851811,0.329020435,0.496537552,0.738018235,0.420600353,0.452756462,NA
4236,0.360824802,0.328035019,0.46650216,0.384598206,0.377743694,0.585087951,0.340971936,0.419512142,0.485564802,0.577618664,0.654414951,0.422802357,0.384598206,0.564233854,0.269205111,0.321661687,0.488157962,0.731265144,0.412452421,0.444463455,NA
4289,0.284265926,0.296237673,0.333351118,0.305405318,0.30849629,0.565407846,0.261219777,0.356816366,0.525652715,0.480106747,0.515361463,0.47053269,0.296237673,0.452635017,0.230591921,0.281318963,0.436191271,0.667884475,0.324206083,0.360157867,NA
4297,0.416332754,0.442344806,0.454601097,0.445621735,0.445621735,0.777238179,0.39711693,0.501821916,0.655492783,0.565434508,0.797775707,0.597810573,0.439072888,0.548507777,0.357333648,0.42928996,0.599356981,0.794976175,0.471983942,0.511775532,NA
4298,0.392174771,0.420203036,0.503485912,0.423747057,0.423747057,0.687185611,0.371599818,0.484904505,0.57647736,0.560606384,0.718669989,0.604758602,0.416667224,0.590936678,0.337118163,0.406112454,0.56950999,0.762815903,0.452352485,0.4957975,NA
4299,0.468383153,0.494889851,0.507277666,0.498208276,0.498208276,0.921465778,0.448611437,0.554408101,0.701506521,0.614199834,0.839533623,0.647384141,0.491571877,0.530017157,0.40715334,0.481623573,0.648851902,0.826790366,0.524736818,0.564223436,NA
4302,0.13363304,0.122047724,0.144180536,0.146262944,0.137131438,0.549321428,0.131915925,0.162083214,0.368542584,0.157930467,0.497740908,0.155625918,0.148157286,0.157286732,0.056840506,0.118918373,0.195218136,0.425538491,0.155969785,0.177237641,NA
4303,0.458026887,0.432907497,0.566922322,0.483361483,0.465248981,0.781953165,0.454422252,0.512412746,0.59261848,0.633875523,0.758749107,0.627349824,0.486990769,0.614107308,0.355451402,0.4257877,0.644129626,0.801661767,0.501517807,0.537770668,NA
4304,0.363077828,0.386909819,0.476173909,0.393825391,0.366444559,0.563609062,0.353058937,0.40778238,0.37489043,0.357616387,0.708670787,0.572368611,0.380039551,0.329156043,0.274009639,0.314324208,0.535309073,0.742229402,0.397299387,0.432555903,NA
4306,0.44522776,0.471586487,0.483949865,0.474895565,0.474895565,0.776711513,0.425650878,0.531249771,0.55606444,0.487953533,0.757737138,0.569310324,0.468279904,0.380813871,0.384833726,0.458378004,0.566827314,0.823619722,0.501423195,0.541153035,NA
4307,0.440122286,0.466432883,0.478783571,0.469737945,0.469737945,0.726114962,0.420599697,0.526093304,0.55095021,0.484358924,0.74501842,0.564229104,0.463130764,0.392842538,0.379946494,0.453244933,0.561739351,0.820921611,0.496249744,0.536010361,NA
4313,0.63301984,0.572922654,1.010254109,0.682395921,0.689631374,0.971786258,0.592522432,0.772065838,0.504314619,0.781260868,1.414223438,0.621388054,0.682395921,0.438802942,0.463787286,0.605830661,0.878081648,1.282282519,0.726467345,0.811160333,NA
4314,0.387525616,0.359578373,0.418599592,0.409797032,0.413011421,0.666348276,0.368799261,0.448802087,0.476967561,0.481651062,0.696621508,0.379647177,0.409797032,0.337626824,0.304427105,0.375000688,0.46482524,0.789151778,0.429189627,0.465271005,NA
4344,0.352328273,0.325570072,0.388630722,0.373811456,0.361468179,0.638395388,0.33733512,0.402170241,0.410291635,0.431973408,0.682339072,0.326999417,0.367618128,0.304706855,0.245377865,0.319767859,0.414565132,0.74757701,0.395804048,0.418226355,NA
4348,0.38310615,0.352708527,0.493935001,0.40741186,0.393459127,0.611305038,0.366088381,0.439324203,0.513040627,0.598731183,0.661944721,0.439069654,0.400415306,0.591046744,0.267965795,0.346102726,0.504740916,0.744525333,0.4321793,0.457290509,NA
4353,0.233660549,0.233660549,0.309175849,0.255413879,0.261915754,0.786717381,0.219060176,0.303658079,0.432018887,0.415366003,0.863173825,0.320997976,0.252211057,0.439058931,0.168409733,0.227727876,0.343329096,0.64712555,0.261915754,0.311075015,NA
4354,0.213213156,0.213213156,0.183833753,0.229215838,0.233940051,0.578370856,0.202290958,0.263684968,0.516315065,0.280628772,0.506305445,0.256550506,0.226879009,0.337196694,0.149753451,0.208793424,0.273935499,0.609752665,0.233940051,0.268871785,NA
4355,0.492783136,0.492783136,0.525061693,0.516007329,0.522634512,0.813376788,0.476207641,0.562150051,0.716202144,0.691145495,0.77809809,0.553005147,0.51269148,0.62761391,0.424451005,0.486148989,0.628641294,0.845195634,0.522634512,0.568673546,NA
4916,0.165387053,0.183129266,0.265409489,0.188481345,0.185789316,0.303657695,0.151362976,0.22647059,0.115738541,0.17620196,0.728723688,0.263926139,0.177904295,0.121648974,0.192545346,0.165387053,0.282914455,0.502216411,0.199573089,0.239310094,NA
4918,0.207819863,0.22887351,0.32223189,0.231620801,0.231620801,0.472013211,0.193085756,0.282364932,0.332581346,0.371605949,0.762493237,0.203186336,0.226152135,0.276376451,0.242726941,0.218142549,0.291664026,0.595238222,0.25454234,0.292124007,NA
4919,0,0,0,0,0,0,0,0,0,0,0,0,0,0,0,0,0,0,0,0,NA
4921,0.184620604,0.189423822,0.316335576,0.201909954,0.184620604,0.44686073,0.175333038,0.223359996,0.309304926,0.290705427,0.887137443,0.227841056,0.201909954,0.228599913,0.123595765,0.157986999,0.337433572,0.516455819,0.217823341,0.243681784,NA
4924,0.478779733,0.478779733,0.664994409,0.514394024,0.524857699,1.154185949,0.45432341,0.590210844,0.863068999,0.742240909,1.011972728,0.54653736,0.509209688,0.678129035,0.312750605,0.46889772,0.64779531,1.064925979,0.524857699,0.601513579,NA
4934,0.331110682,0.357361679,0.465045946,0.365116205,0.361224878,0.75090601,0.309717104,0.418229833,0.393371495,0.309828806,0.920706841,0.56891329,0.349719869,0.231545069,0.29449951,0.331110682,0.538303838,0.837776039,0.380961552,0.435496703,NA
4945,0.329269415,0.342230221,0.42838888,0.35210907,0.355430848,0.616382326,0.304125037,0.406777857,0.512384376,0.477447597,0.705267666,0.523458093,0.342230221,0.505469175,0.270307183,0.326068451,0.508899243,0.713566888,0.372244117,0.410288775,NA
6572,0.103682156,0.114992906,0.102651426,0.119504027,0.109209118,0.293041251,0.099700661,0.132286054,0.358038269,0.150343158,0.173819522,0.130950206,0.116479907,0.186632124,0.064985301,0.086243867,0.122788298,0.403899826,0.124167289,0.148031353,NA
6621,0.196243203,0.178079816,0.168700768,0.211314292,0.213535085,0.464099845,0.18398353,0.239080224,0.347956651,0.187833097,0.422977655,0.19104058,0.211314292,0.175503333,0.126337882,0.188002877,0.211235911,0.599749868,0.224893226,0.251362858,NA
6622,0.083537336,0.074055638,0.092265175,0.091661238,0.092878195,0.150107265,0.077100716,0.107248657,0.170857213,0.074719449,0.288970445,0.090151294,0.091661238,0.086842706,0.051212864,0.079194091,0.089655827,0.359023015,0.099182783,0.114405689,NA
6628,0.137837608,0.152241521,0.155071553,0.15412631,0.15412631,0.381379721,0.12780055,0.189143067,0.402614758,0.153990706,0.451006295,0.274909417,0.150375684,0.249289214,0.097390298,0.144890966,0.207562947,0.472718592,0.169896953,0.195919111,NA
6629,0,0,0,0,0,0,0,0,0,0,0,0,0,0,0,0,0,0,0,0,NA
6630,0.169056949,0.187545108,0.19049609,0.189962259,0.189962259,0.627188278,0.156165625,0.234710636,0.463563041,0.192233682,0.495217019,0.343914776,0.185151684,0.259132366,0.12046511,0.178113208,0.245781827,0.532591737,0.210158415,0.243323523,NA
6634,0.464964306,0.500031799,0.596256708,0.5045259,0.5045259,1.036598757,0.439709617,0.58459048,0.598359491,0.501163294,1.034338275,0.477638039,0.495562133,0.29874868,0.33937999,0.48230043,0.581953107,0.991295756,0.541349507,0.599421188,NA
6635,0.180650142,0.196904645,0.158381329,0.199012214,0.199012214,0.451857024,0.16915958,0.237431166,0.342900807,0.167586475,0.405362134,0.195835946,0.194813967,0.178044526,0.128277944,0.188643063,0.182553092,0.568532753,0.21648237,0.244716666,NA
6636,0.15530396,0.169750356,0.135642334,0.171629393,0.171629393,0.504288886,0.145140002,0.206122467,0.426512259,0.170591401,0.551395204,0.276999209,0.167887721,0.253106277,0.10929964,0.162397706,0.235537495,0.507948397,0.18725773,0.212715252,NA
6906,0.524893451,0.524893451,0.799572893,0.565876095,0.577983597,1.124905513,0.496946586,0.654327546,0.764955029,0.785085404,1.641753479,0.632049033,0.559888679,0.589114728,0.459055138,0.513582245,0.866542843,1.190339836,0.577983597,0.667663507,NA
6907,0.193771476,0.20870203,0.170221223,0.213120348,0.210902711,0.56325529,0.181631323,0.243487888,0.483003127,0.217207603,0.555750395,0.322001626,0.204351522,0.29305751,0.136663308,0.193771476,0.29534278,0.584074966,0.222160386,0.253401226,NA
6908,0.165027044,0.179523358,0.184931319,0.183843668,0.181673522,0.364634669,0.153362289,0.213890748,0.443715925,0.18894414,0.435421163,0.306635216,0.175282771,0.290786102,0.116189911,0.165027044,0.252747713,0.536543038,0.192724975,0.223825523,NA
6909,0.143534175,0.157089351,0.125141862,0.158855053,0.158855053,0.577095372,0.134018286,0.191373928,0.404019673,0.161261456,0.48102287,0.240511271,0.15533965,0.199568718,0.100601087,0.150185904,0.219265555,0.4847916,0.173563899,0.197612406,NA
6911,0.436741313,0.469909661,0.584943184,0.474163513,0.474163513,0.955404079,0.412878548,0.550092676,0.743107461,0.602718459,1.095010631,0.542123965,0.465679679,0.461648178,0.346533847,0.453133336,0.650443976,0.870585691,0.509048905,0.564192343,NA
6919,0.215596383,0.200297454,0.187984101,0.231725257,0.220120056,0.595636853,0.213359967,0.251166625,0.480045652,0.247528717,0.571262154,0.328139642,0.234096888,0.315839767,0.133726391,0.196078731,0.324010254,0.597257296,0.243751074,0.269043817,NA
6920,0.102032668,0.092344421,0.114549396,0.112611243,0.10496184,0.185984659,0.100595421,0.125861473,0.184603864,0.094047093,0.305818749,0.113788638,0.114198368,0.110362871,0.058648169,0.089732062,0.103411442,0.392481712,0.120742915,0.13852945,NA
6921,0.1425667,0.130579656,0.158336029,0.155457382,0.146156061,0.300930766,0.140799742,0.171336637,0.250732432,0.111325682,0.394816615,0.207482408,0.157374593,0.131006846,0.085004153,0.127315788,0.181146754,0.487212109,0.165236085,0.186263558,NA
6923,0.115703412,0.128138088,0.110220318,0.129770148,0.129770148,0.25848622,0.107077945,0.160301979,0.296116824,0.107749312,0.210411196,0.196954703,0.126523569,0.116088432,0.081139931,0.12178412,0.133293846,0.438512365,0.143471309,0.166256644,NA
6924,0.394249983,0.363489149,0.505660126,0.418782744,0.404706544,0.626340046,0.377039748,0.450908036,0.524749008,0.562747693,0.711561822,0.550217763,0.411726591,0.578636033,0.277265733,0.356792734,0.578741623,0.753758225,0.443723836,0.468951841,NA
6929,0.053335315,0.047105426,0.060748313,0.058710265,0.05557954,0.109682018,0.049783977,0.066368046,0.100520678,0.047994872,0.145555929,0.042100911,0.057124758,0.042307263,0.027648602,0.04581806,0.054316337,0.240871853,0.064589926,0.071013995,NA
6930,0.104614189,0.116013455,0.099597418,0.117511901,0.117511901,0.192477342,0.09672498,0.145642338,0.273076066,0.115843896,0.165236871,0.128058286,0.114531636,0.121982636,0.073089537,0.110184727,0.096468023,0.410859145,0.130112339,0.151150471,NA
6931,1.086878485,1.162428325,1.503499008,1.191297815,1.124380594,2.224574665,1.05913306,1.269533015,1.276473483,1.372228603,2.416139347,1.028468742,1.172020798,0.877116359,0.832117172,0.960446161,1.51436996,1.948505388,1.220433393,1.359353352,NA
6932,0.481264085,0.458123472,0.516867578,0.504485355,0.487894865,0.850079102,0.477951023,0.530994445,0.672672716,0.636213858,0.828444305,0.622441851,0.507803437,0.572774493,0.378327014,0.451540544,0.669401008,0.829269903,0.521065973,0.554052352,NA
6933,0.111629759,0.101934663,0.124473911,0.122121573,0.114544281,0.222078184,0.110196952,0.1351406,0.201849101,0.105518566,0.25333768,0.107392514,0.123687874,0.104748454,0.065602575,0.099305002,0.115025219,0.417941323,0.130126452,0.147475313,NA
6935,0.160998965,0.148839183,0.139138848,0.173949147,0.164617481,0.541799851,0.159213943,0.189740335,0.391941579,0.186770223,0.48193392,0.236178933,0.175864817,0.218389652,0.097290161,0.145507085,0.250734064,0.50868706,0.183693478,0.204439042,NA
6939,0.416142615,0.391660295,0.52472107,0.441045787,0.423220002,0.643208866,0.412616654,0.469866804,0.550937788,0.640251089,0.68302023,0.487736806,0.444630789,0.630674228,0.317452937,0.384758611,0.542708265,0.772987359,0.459024857,0.495257849,NA
6940,0.496101309,0.472897654,0.531677418,0.51932177,0.502738393,0.821302976,0.492783136,0.545751821,0.685611585,0.69678374,0.787130489,0.539846002,0.522634512,0.62761391,0.392391287,0.466285111,0.625537116,0.838120334,0.535862684,0.568673546,NA
6941,0.206792578,0.191965487,0.180049023,0.222449612,0.21118126,0.486658899,0.204623662,0.241357248,0.338798145,0.197936135,0.425565326,0.197144443,0.224754082,0.189234358,0.12772137,0.187881025,0.215558216,0.599558197,0.234140758,0.258777521,NA
7002,0.507954897,0.542783453,0.565867908,0.547214517,0.547214517,1.361233898,0.482593015,0.624930766,0.895659962,0.73498656,1.079174926,0.55781498,0.538369192,0.59348756,0.453684148,0.525229038,0.651219506,1.020590979,0.583245665,0.639072789,NA
7004,0.366413231,0.39269683,0.416900089,0.400435824,0.396553639,1.239182776,0.344884112,0.45318491,0.709192743,0.515746149,1.085512929,0.484610459,0.385059529,0.399868506,0.315743162,0.366413231,0.570646467,0.89985683,0.416217242,0.470251031,NA
7005,0.207679168,0.181030141,0.291352925,0.227992112,0.222048892,0.650869506,0.191356645,0.259364927,0.197522668,0.360480826,0.642649893,0.366281361,0.227992112,0.363715079,0.141423954,0.176031971,0.354806704,0.506621762,0.252871767,0.282928015,NA
7015,0.36937778,0.376172257,0.475695826,0.393367898,0.36937778,0.65701037,0.35594521,0.421422313,0.516574433,0.544833698,0.731395143,0.538490108,0.393367898,0.542254421,0.285330853,0.329765286,0.56360229,0.7459404,0.414353392,0.44639987,NA
7191,0.058170117,0.05140616,0.053745934,0.063999363,0.064875292,0.115631829,0.053573804,0.075272567,0.1539789,0.069273247,0.07387246,0.049944889,0.063999363,0.04619116,0.035283496,0.05506651,0.058009007,0.275113314,0.069424514,0.080488119,NA
7371,0.169108822,0.173475985,0.226935725,0.184817631,0.169108822,0.30274565,0.1606578,0.204264605,0.190895106,0.203536017,0.563223944,0.21993548,0.184817631,0.092838412,0.176766665,0.14485095,0.284389031,0.543288113,0.199249446,0.222645795,NA
7382,0.363520254,0.387363624,0.473027733,0.39428209,0.390817369,0.570806846,0.343598807,0.440173479,0.402961485,0.371073783,0.695319305,0.60100974,0.380490298,0.342545282,0.307330128,0.363520254,0.550206325,0.759719789,0.408244364,0.45454135,NA
7447,0.146091535,0.146091535,0.135945612,0.159241737,0.163171028,0.244122117,0.137259515,0.188396817,0.348248615,0.16817069,0.170666387,0.16266082,0.157306026,0.157150738,0.100847169,0.142503494,0.143925063,0.512504886,0.163171028,0.19288047,NA
7465,0.33239004,0.298332545,0.390251385,0.357347381,0.350130161,0.464035823,0.311716117,0.39435555,0.322413822,0.517221021,0.365925655,0.352803591,0.357347381,0.394640991,0.241751254,0.291766101,0.372236322,0.701460973,0.386840807,0.421031325,NA
7476,0.152472199,0.152472199,0.141956812,0.166085036,0.170149013,0.253278923,0.143319177,0.196200652,0.359738967,0.176689178,0.167735113,0.169621408,0.164082374,0.163921698,0.105495884,0.148754747,0.150227752,0.525048822,0.170149013,0.200824073,NA
7492,0.384580843,0.346933347,0.460208026,0.4155995,0.420151445,0.96326871,0.359198472,0.472131478,0.690981694,0.678641915,0.675310936,0.534340778,0.4155995,0.530759476,0.310363644,0.367533717,0.569045713,0.866741541,0.443351576,0.496861421,NA
7494,0.152715963,0.168371021,0.171440251,0.170415356,0.170415356,0.267713872,0.141773649,0.208221911,0.307759909,0.143858376,0.29493808,0.184715881,0.166346293,0.176496261,0.108451915,0.160389035,0.151452631,0.518267968,0.187483316,0.215499802,NA
7950,0.342098745,0.369043349,0.478897536,0.376998506,0.37300674,0.823573073,0.320122994,0.431436239,0.480860438,0.437173311,0.847853394,0.386107754,0.361201942,0.320188184,0.303101132,0.342098745,0.433389984,0.847554151,0.393247913,0.449115459,NA
8024,0.347046813,0.312189811,0.453094809,0.372490632,0.365141343,0.636738132,0.325906295,0.410066391,0.399758781,0.531006708,0.693125727,0.523329289,0.372490632,0.548664667,0.253931492,0.305451137,0.531589814,0.700202114,0.402451205,0.437038025,NA
8026,0.358410002,0.358410002,0.388630722,0.380046417,0.386321216,0.635325446,0.343295223,0.424699689,0.459180006,0.441770153,0.685209338,0.359906584,0.376923843,0.318947809,0.297771968,0.352328273,0.430759538,0.767085379,0.386321216,0.431198955,NA
8027,0.141960375,0.141960375,0.120890575,0.15365963,0.157144087,0.40394776,0.134066262,0.179411412,0.276058873,0.110964332,0.385038999,0.183794529,0.151941244,0.105524681,0.09709097,0.138757169,0.187218866,0.5038156,0.157144087,0.183353318,NA
8028,0.569114449,0.519483831,0.758631198,0.605516795,0.594978719,1.267496526,0.538996933,0.659821585,0.744149743,0.833381462,1.485173601,0.615805983,0.605516795,0.588210122,0.393506172,0.509898498,0.828679909,1.138428958,0.648748275,0.699393332,NA
8042,0.37369854,0.398786821,0.491054948,0.406135094,0.402451091,0.806363719,0.352993958,0.455766264,0.418689837,0.399570151,0.994244336,0.363475254,0.391517931,0.199455897,0.297661233,0.37369854,0.510585025,0.847776433,0.42106609,0.471659021,NA
8051,0.21284522,0.218555093,0.32733902,0.233374507,0.21284522,0.374619512,0.201792125,0.258740012,0.166980352,0.224875363,0.79437301,0.286318344,0.233374507,0.135614596,0.215649128,0.181113969,0.363403485,0.613002047,0.252205016,0.282644733,NA
8072,0.285495067,0.314287589,0.40524492,0.318027641,0.318027641,0.648810345,0.265215341,0.386336899,0.280399023,0.282218319,0.889820648,0.47435496,0.310578831,0.205912298,0.294164703,0.299640544,0.460155603,0.74273808,0.349069211,0.399297233,NA
8076,0.267939393,0.297576289,0.410267639,0.301448261,0.301448261,0.587822121,0.24725739,0.372974635,0.269092861,0.30788721,0.913785331,0.443857398,0.293741629,0.301283641,0.167305248,0.282461087,0.381391022,0.662264781,0.333769091,0.386702672,NA
8078,0.340796619,0.317614191,0.413292149,0.365122756,0.347630598,0.75922661,0.337414648,0.394309504,0.363168766,0.363506869,0.905057078,0.334820874,0.368690709,0.180286138,0.314705589,0.31120145,0.472374668,0.825648729,0.38319276,0.421038377,NA
8079,0.345049762,0.368841926,0.482639453,0.377025146,0.3373712,0.764172392,0.315088679,0.40233181,0.362848124,0.408545566,0.774417952,0.329267877,0.377025146,0.269042666,0.269297037,0.280435855,0.395345183,0.837661641,0.381164105,0.428769572,NA
8135,0.063418639,0.070883902,0.073141208,0.073161636,0.072014463,0.121476204,0.057609858,0.089678017,0.138752329,0.055811534,0.250848302,0.085796722,0.068671826,0.072139966,0.04278918,0.063418639,0.063188879,0.29790259,0.077920434,0.095400543,NA
8136,0.367585998,0.395626817,0.508802619,0.40388341,0.399741638,0.788808345,0.344628189,0.460122201,0.435611387,0.455475557,0.776037026,0.362308392,0.387478451,0.303748118,0.327477777,0.367585998,0.425725511,0.885007815,0.420717735,0.478291532,NA
8143,0.197788392,0.207172355,0.273465405,0.214423496,0.216881168,0.300231161,0.179990105,0.256167345,0.235938369,0.257157877,0.501304919,0.226259115,0.207172355,0.227131688,0.156864133,0.195493066,0.239291372,0.567860185,0.229473771,0.258945763,NA
8144,0.110123887,0.115949815,0.201663593,0.120493365,0.122041686,0.290858651,0.099238353,0.147381624,0.114827863,0.143715126,0.43153658,0.105806304,0.115949815,0.092803662,0.061595547,0.108708044,0.135676617,0.260291533,0.130042104,0.149216836,NA
8145,0.076457626,0.080663941,0.084514001,0.083956108,0.085080348,0.140026538,0.068643234,0.103651919,0.171631742,0.063660664,0.28011702,0.089409896,0.080663941,0.083866023,0.050773823,0.075437931,0.077828983,0.337186069,0.090908663,0.105009668,NA
8146,0.252565559,0.262720134,0.27772482,0.270506353,0.273133787,0.520867301,0.233049606,0.314392094,0.348298919,0.307638417,0.637000616,0.261410496,0.262720134,0.223039445,0.201989113,0.250067912,0.305492032,0.663057418,0.286507177,0.317260408,NA
8152,0.402874332,0.428663074,0.440839956,0.43191715,0.43191715,0.748909768,0.383871143,0.487910105,0.51291551,0.392085278,0.788647707,0.623655507,0.425415155,0.319157422,0.344656227,0.415711007,0.585921408,0.796077514,0.458138614,0.497863547,NA
8156,0.169034002,0.169034002,0.248634312,0.185500829,0.190458902,0.452811191,0.158083003,0.222709112,0.213851992,0.183866605,0.683590161,0.216004327,0.183064714,0.125278384,0.144097524,0.164574636,0.245184937,0.55589651,0.190458902,0.228518299,NA
8157,0.253818533,0.277955476,0.372828149,0.281086888,0.281086888,0.481598599,0.236777126,0.338193787,0.255515372,0.328188444,0.731900315,0.200691881,0.274849492,0.179499518,0.293176093,0.265684021,0.290732202,0.694559427,0.307052671,0.349021509,NA
8158,0.479156447,0.512602458,0.605089553,0.516865463,0.516865463,1.080205701,0.454865098,0.591964111,0.806362525,0.641770814,1.104464876,0.644299548,0.50835744,0.538542858,0.347211917,0.49573157,0.692119985,0.941397963,0.551601744,0.605704768,NA
8161,0.153370546,0.153370546,0.168056526,0.167047781,0.17113048,0.255141554,0.14417277,0.197296666,0.302668479,0.143940452,0.313805933,0.170600458,0.165035807,0.164874381,0.106152119,0.149635059,0.161710865,0.526777942,0.17113048,0.201939425,NA
8162,0.373326181,0.373326181,0.476290308,0.397411133,0.404390598,0.503882723,0.356491793,0.446988953,0.416668002,0.43371264,0.638405992,0.502160365,0.393936798,0.388189759,0.313239601,0.366552904,0.50524115,0.764925069,0.404390598,0.454182856,NA
8163,0.387618353,0.387618353,0.491433151,0.412019136,0.419076731,0.518827297,0.370520535,0.462022065,0.431477005,0.450221525,0.641456208,0.517313254,0.408503668,0.402685316,0.326429676,0.380743316,0.520389829,0.776041331,0.419076731,0.469252612,NA
8168,0.226637499,0.226637499,0.341750371,0.247796592,0.254113949,0.375381538,0.212416997,0.294591434,0.194976961,0.311022614,0.6692176,0.17548312,0.244683473,0.171664501,0.255354831,0.22086095,0.272143096,0.640237497,0.254113949,0.301768617,NA
8170,0.825320641,0.88057738,1.131620635,0.89676945,0.888651179,1.655358276,0.779740468,1.006261284,0.826413268,0.880815044,2.154682677,0.978373804,0.864563922,0.47888376,0.658571365,0.825320641,1.193014499,1.649487761,0.929683411,1.041382122,NA
8172,0.637869981,0.578080055,0.924633039,0.68719367,0.69443886,1.496148524,0.597553761,0.777342818,0.681540743,0.826686032,1.452825232,0.587712992,0.68719367,0.538064849,0.370316875,0.610790051,0.761750059,1.400113108,0.731400095,0.816914679,NA
8173,0.256533824,0.277829629,0.304060748,0.284180773,0.280990167,0.818291214,0.239402326,0.328466561,0.354986137,0.248384572,1.032686387,0.279945509,0.271598103,0.13362225,0.238897153,0.256533824,0.371228996,0.799173063,0.297247115,0.343172348,NA
8174,0.223333448,0.234918777,0.327827631,0.243907405,0.246961012,0.429953273,0.201513098,0.296230392,0.192984574,0.220960421,0.82835895,0.321805185,0.234918777,0.142629521,0.250743114,0.220507973,0.368298749,0.631039602,0.262661464,0.299745922,NA
8175,0.340115188,0.363285481,0.416903935,0.370077471,0.366672052,0.677595796,0.32101623,0.416012483,0.366934347,0.416474259,0.826308378,0.243119127,0.356569277,0.186136234,0.387274375,0.340115188,0.399987905,0.81906793,0.383885529,0.430742904,NA
8176,0.254660533,0.275835378,0.373298672,0.282118021,0.278963746,0.483044369,0.237512233,0.325478883,0.250714901,0.287549532,0.786733507,0.254190134,0.269656305,0.157487199,0.289062146,0.254660533,0.353014859,0.713606696,0.294994303,0.339695049,NA
8177,0.184114925,0.198484598,0.161503194,0.20274203,0.200604854,0.455415101,0.172450365,0.232066893,0.339173099,0.144221451,0.464633446,0.260609834,0.194294782,0.158316333,0.129395963,0.184114925,0.234272155,0.583929622,0.211460147,0.241663777,NA
8178,0.283020981,0.306965497,0.343250392,0.310055573,0.310055573,0.672945802,0.265969312,0.36584267,0.323594859,0.345335205,0.838667224,0.205437798,0.303896942,0.156917337,0.323898503,0.294820589,0.327545316,0.753627831,0.335547241,0.376314026,NA
8180,0.047149753,0.047149753,0.052792849,0.052807918,0.054538907,0.099453228,0.043466101,0.06609607,0.106948121,0.041962653,0.192294988,0.055793879,0.051961999,0.046186339,0.031115782,0.045641964,0.048525594,0.233617329,0.054538907,0.068231254,NA
8181,0.25434265,0.27824911,0.374081668,0.285428746,0.281819141,0.710275837,0.235307524,0.336082233,0.378630728,0.294090128,0.785228204,0.256297361,0.271226617,0.206455769,0.191806736,0.25434265,0.29244863,0.795226381,0.300268588,0.353116014,NA
8182,0.373716201,0.346201921,0.423580227,0.39570673,0.38308277,0.766073167,0.358316426,0.424600259,0.521917762,0.517249565,0.820020675,0.447703307,0.389376213,0.400003859,0.306827926,0.340217498,0.560963162,0.753626638,0.418127339,0.440891451,NA
8183,0.402612875,0.42729894,0.514379487,0.434424889,0.430858335,0.690300471,0.381834314,0.481276181,0.57647736,0.571313774,0.724507923,0.601280331,0.420203036,0.583893883,0.343642601,0.402612875,0.590741631,0.77822632,0.448755531,0.4957975,NA
8184,0.45208278,0.45208278,0.484240572,0.475185841,0.48181066,0.72269323,0.435700314,0.521612297,0.556351764,0.498197996,0.753046783,0.553254727,0.471876558,0.385416859,0.385109326,0.445515288,0.589767158,0.831364412,0.48181066,0.528232899,NA
8186,0.761532742,0.811530812,1.033846999,0.826155502,0.818824576,1.457366759,0.720186507,0.924733084,0.825769042,0.83780939,1.724406167,0.735564069,0.797055637,0.419902517,0.606818646,0.761532742,1.018113298,1.545436553,0.855846332,0.956237521,NA
8187,0.147823098,0.133397467,0.126010941,0.159915465,0.161706839,0.414225182,0.138068704,0.182490468,0.274906616,0.141506234,0.337132695,0.13205235,0.159915465,0.115907329,0.093166585,0.141258623,0.159852285,0.515641682,0.170907266,0.192601709,NA
8188,0.276217324,0.244227842,0.364512398,0.303573504,0.307665886,0.895791538,0.254506511,0.355851992,0.351309967,0.349485863,0.826040858,0.265608697,0.303573504,0.238020028,0.177122268,0.261570237,0.323142399,0.797512027,0.328839488,0.379738491,NA
8189,0,0,0,0,0,0,0,0,0,0,0,0,0,0,0,0,0,0,0,0,NA
8190,0.147856527,0.129556801,0.163484675,0.163525885,0.165870251,0.25609673,0.135432084,0.193452598,0.281739579,0.125345563,0.335421553,0.244573512,0.163525885,0.144365928,0.090866401,0.139472608,0.189613901,0.516648665,0.177997019,0.207095249,NA
8191,0.436734682,0.407600351,0.468734698,0.459711476,0.463010241,0.709413701,0.417250372,0.499447085,0.527747777,0.537127848,0.709376321,0.428555826,0.459711476,0.38447717,0.349098574,0.423719602,0.515587055,0.821979227,0.479546933,0.51603456,NA
8195,0.523979684,0.523979684,0.812028727,0.566276209,0.578771949,0.867741474,0.495150486,0.657490169,0.443518587,0.663196144,1.3502207,0.469359444,0.560096489,0.364549022,0.489862804,0.512309185,0.689304825,1.195227425,0.578771949,0.671217478,NA
8198,0.166656689,0.14861601,0.246317956,0.181980077,0.184265201,0.345327508,0.154428629,0.211053209,0.170353473,0.216512404,0.671268309,0.114351729,0.181980077,0.102382496,0.167725926,0.15841419,0.206587403,0.551667162,0.196061568,0.224264355,NA
8199,0.497818319,0.520889923,0.779600376,0.538679235,0.544701156,0.850571041,0.453901459,0.64046469,0.435020829,0.577200044,1.391900356,0.515307871,0.520889923,0.338145696,0.459633753,0.492166327,0.683681745,1.155790622,0.575497478,0.647203209,NA
8202,0.331007462,0.346271884,0.432778586,0.357933711,0.361859475,0.622290176,0.301542914,0.422703522,0.383005617,0.519274602,0.673599092,0.564033556,0.346271884,0.592787351,0.269381793,0.327244765,0.500820205,0.679924318,0.381757145,0.426867383,NA
8213,0.424094412,0.424094412,0.498484204,0.450882636,0.458697471,0.822109497,0.405515316,0.507004247,0.496937033,0.511666205,0.855559984,0.327648862,0.447001647,0.255872388,0.43570809,0.416606107,0.49758873,0.921917981,0.458697471,0.515280118,NA
8222,0.428854477,0.399872637,0.460749406,0.451749191,0.455038941,0.702838121,0.409466161,0.491422554,0.519740676,0.528352423,0.707641367,0.42071297,0.451749191,0.376908925,0.341839977,0.415900836,0.507566157,0.817066478,0.471540933,0.508014002,NA
8223,0.114066997,0.100720378,0.129254981,0.125585444,0.127317468,0.31479861,0.104995248,0.147898608,0.237178363,0.110075831,0.430665928,0.112133802,0.125585444,0.098751598,0.056533042,0.107940346,0.124092311,0.432991496,0.13631768,0.158236674,NA
8224,0.452057694,0.422668213,0.484215278,0.475160584,0.478472033,0.721874203,0.432414575,0.514958797,0.543184629,0.5540763,0.712390013,0.443817985,0.475160584,0.399266352,0.363330181,0.438941825,0.531068208,0.831193719,0.495051852,0.531514407,NA
8225,0.171970554,0.171970554,0.188041995,0.186940244,0.191397407,0.426246794,0.161870587,0.219840538,0.459588332,0.196462475,0.466229484,0.307906938,0.184741819,0.283341882,0.11983626,0.167871872,0.267883676,0.545242861,0.191397407,0.224865186,NA
8226,0.26402495,0.26402495,0.311073132,0.285687509,0.292141421,0.721829688,0.249411778,0.333420523,0.349983507,0.230089201,1.051289425,0.332671054,0.282505113,0.121522255,0.265586025,0.258095119,0.449482395,0.803906768,0.292141421,0.340736409,NA
8236,0.107533072,0.094639248,0.122318517,0.118606597,0.112163072,0.197554797,0.100189671,0.134281465,0.191143397,0.081168804,0.34164835,0.16009534,0.115345713,0.103587722,0.055850291,0.091968548,0.134089448,0.402747954,0.13065351,0.143724504,NA
8238,0.542040889,0.542040889,0.59134447,0.572247173,0.580994821,1.295211385,0.520882784,0.634461058,0.775866473,0.597336645,1.13209308,0.639388731,0.567892314,0.394705304,0.483725719,0.533534157,0.732243481,1.048331442,0.580994821,0.643521012,NA
